"longitude","latitude","label","CellNumbers","from","to"
-50.9574103576115,-15.0484819551001,"pastagem",42817,"2015-10-01","2016-10-01"
-51.3819431756155,-15.3579935662506,"pastagem",145918,"2015-10-01","2016-10-01"
-50.7629199533042,-15.1676857512864,"pastagem",82696,"2015-10-01","2016-10-01"
-50.8361152667532,-15.604766337303,"pastagem",228543,"2015-10-01","2016-10-01"
-50.5579730756471,-15.1718683406263,"outro",84190,"2015-10-01","2016-10-01"
-50.1627183830227,-16.1756897821954,"outro",419419,"2015-10-01","2016-10-01"
-50.3425697246402,-15.2095116446851,"outro",96857,"2015-10-01","2016-10-01"
-50.4304041007789,-15.9205518324633,"pastagem",334135,"2015-10-01","2016-10-01"
-51.3840344702854,-15.2011464660054,"outro",93567,"2015-10-01","2016-10-01"
-50.7231853545748,-15.3726326289401,"pastagem",151119,"2015-10-01","2016-10-01"
-50.7399157119346,-15.4792886571068,"outro",186709,"2015-10-01","2016-10-01"
-50.0100538721149,-15.8619955817051,"outro",314792,"2015-10-01","2016-10-01"
-51.3317521035362,-16.1610507195059,"pastagem",413974,"2015-10-01","2016-10-01"
-50.2191833391119,-16.2175156755941,"pastagem",433352,"2015-10-01","2016-10-01"
-51.4530471943945,-15.3036199048322,"outro",127736,"2015-10-01","2016-10-01"
-50.1710835617026,-15.6403183466919,"pastagem",240727,"2015-10-01","2016-10-01"
-50.4575909314886,-15.2576114220936,"outro",112856,"2015-10-01","2016-10-01"
-50.6332596837661,-15.8034393309469,"pastagem",294950,"2015-10-01","2016-10-01"
-50.3446610193102,-15.9330996004829,"pastagem",338364,"2015-10-01","2016-10-01"
-51.1079835738493,-15.1927812873256,"pastagem",90907,"2015-10-01","2016-10-01"
-50.3321132512903,-16.1694158981856,"pastagem",417244,"2015-10-01","2016-10-01"
-51.0013275456809,-15.0045647670314,"outro",28138,"2015-10-01","2016-10-01"
-50.2777395898711,-16.2467938009732,"pastagem",443096,"2015-10-01","2016-10-01"
-50.1104360162735,-15.6758703560808,"pastagem",252622,"2015-10-01","2016-10-01"
-50.2275485177918,-15.7929828575972,"outro",291654,"2015-10-01","2016-10-01"
-50.4931429408781,-16.286528399702,"pastagem",456255,"2015-10-01","2016-10-01"
-50.2672831165213,-15.7114223654697,"pastagem",264413,"2015-10-01","2016-10-01"
-51.3024739781566,-15.2095116446851,"pastagem",96398,"2015-10-01","2016-10-01"
-50.6207119157462,-15.1885986979858,"pastagem",89744,"2015-10-01","2016-10-01"
-50.5935250850366,-14.9815605256621,"pastagem",20655,"2015-10-01","2016-10-01"
-50.1815400350525,-15.2617940114335,"pastagem",114384,"2015-10-01","2016-10-01"
-51.1707224139485,-16.2823458103621,"pastagem",454535,"2015-10-01","2016-10-01"
-50.0100538721149,-15.213694234025,"pastagem",98412,"2015-10-01","2016-10-01"
-51.2334612540476,-15.5336623185252,"pastagem",204621,"2015-10-01","2016-10-01"
-50.9511364736016,-15.8912737070842,"outro",324114,"2015-10-01","2016-10-01"
-50.0581536495242,-14.9878344096719,"outro",23005,"2015-10-01","2016-10-01"
-50.3802130286997,-15.5964011586232,"outro",225969,"2015-10-01","2016-10-01"
-50.0581536495242,-15.9205518324633,"outro",334313,"2015-10-01","2016-10-01"
-51.4237690690149,-14.9669214629726,"outro",15372,"2015-10-01","2016-10-01"
-50.9385887055817,-14.9355520429236,"pastagem",5134,"2015-10-01","2016-10-01"
-50.7420070066045,-15.5043841931461,"pastagem",195084,"2015-10-01","2016-10-01"
-51.0347882604004,-14.9731953469824,"outro",17652,"2015-10-01","2016-10-01"
-50.005871282775,-16.1861462555451,"outro",422984,"2015-10-01","2016-10-01"
-51.0264230817205,-16.058577280679,"outro",379918,"2015-10-01","2016-10-01"
-50.141805436323,-15.5420274972049,"outro",207935,"2015-10-01","2016-10-01"
-51.2815610314569,-16.1380464781366,"pastagem",406320,"2015-10-01","2016-10-01"
-51.2690132634371,-15.1990551713354,"pastagem",92924,"2015-10-01","2016-10-01"
-51.1456268779088,-14.9313694535837,"outro",3639,"2015-10-01","2016-10-01"
-51.2250960753677,-16.1589594248359,"outro",413327,"2015-10-01","2016-10-01"
-50.1773574457125,-15.2827069581329,"outro",121366,"2015-10-01","2016-10-01"
-50.6290770944261,-16.1505942461562,"pastagem",410820,"2015-10-01","2016-10-01"
-50.6876333451853,-15.0610297231197,"pastagem",47134,"2015-10-01","2016-10-01"
-50.1752661510426,-15.5462100865448,"outro",209315,"2015-10-01","2016-10-01"
-51.0326969657304,-15.6277705786723,"pastagem",236127,"2015-10-01","2016-10-01"
-51.411221300995,-16.0209339766202,"pastagem",367170,"2015-10-01","2016-10-01"
-50.2568266431714,-15.37681521828,"pastagem",152738,"2015-10-01","2016-10-01"
-50.0581536495242,-15.2220594127047,"outro",101181,"2015-10-01","2016-10-01"
-51.3024739781566,-15.3726326289401,"pastagem",150842,"2015-10-01","2016-10-01"
-51.417495185005,-15.0338428924105,"pastagem",37711,"2015-10-01","2016-10-01"
-50.0393319974945,-15.3809978076199,"pastagem",154238,"2015-10-01","2016-10-01"
-50.990871072331,-15.7762525002377,"pastagem",285705,"2015-10-01","2016-10-01"
-50.1376228469831,-14.9731953469824,"pastagem",18081,"2015-10-01","2016-10-01"
-51.3045652728266,-16.1296812994568,"pastagem",403517,"2015-10-01","2016-10-01"
-50.9678668309613,-16.1485029514863,"pastagem",409960,"2015-10-01","2016-10-01"
-51.1895440659782,-16.2928022837118,"pastagem",458016,"2015-10-01","2016-10-01"
-51.1163487525292,-15.5022928984761,"pastagem",194207,"2015-10-01","2016-10-01"
-51.1121661631893,-16.2488850956432,"outro",443395,"2015-10-01","2016-10-01"
-51.130987815219,-15.5733969172539,"outro",217932,"2015-10-01","2016-10-01"
-50.35511749266,-16.2907109890419,"pastagem",457717,"2015-10-01","2016-10-01"
-51.0933445111596,-15.3935455756395,"pastagem",157922,"2015-10-01","2016-10-01"
-51.2418264327274,-15.4395540583781,"outro",173207,"2015-10-01","2016-10-01"
-51.3986735329752,-15.5566665598945,"pastagem",212220,"2015-10-01","2016-10-01"
-50.635350978436,-15.5629404439043,"pastagem",214679,"2015-10-01","2016-10-01"
-50.2923786525609,-15.4458279423879,"outro",175755,"2015-10-01","2016-10-01"
-50.0581536495242,-15.4458279423879,"pastagem",175867,"2015-10-01","2016-10-01"
-50.5496078969673,-16.060668575349,"outro",380844,"2015-10-01","2016-10-01"
-50.2296398124618,-16.2447025063033,"pastagem",442421,"2015-10-01","2016-10-01"
-50.6813594611754,-16.0209339766202,"pastagem",367519,"2015-10-01","2016-10-01"
-51.413312595665,-15.832717456326,"pastagem",304349,"2015-10-01","2016-10-01"
-50.1522619096729,-15.3224415568617,"outro",134640,"2015-10-01","2016-10-01"
-50.0999795429236,-14.9564649896229,"outro",12515,"2015-10-01","2016-10-01"
-50.564246959657,-16.1673246035157,"pastagem",416435,"2015-10-01","2016-10-01"
-50.2087268657621,-16.1861462555451,"pastagem",422887,"2015-10-01","2016-10-01"
-50.1104360162735,-15.2304245913845,"outro",103948,"2015-10-01","2016-10-01"
-51.128896520549,-15.6988745974501,"pastagem",259813,"2015-10-01","2016-10-01"
-50.9636842416214,-15.0610297231197,"outro",47002,"2015-10-01","2016-10-01"
-51.3610302289158,-15.0087473563713,"outro",29362,"2015-10-01","2016-10-01"
-50.2087268657621,-15.4834712464467,"outro",188359,"2015-10-01","2016-10-01"
-51.4216777743449,-15.3579935662506,"pastagem",145899,"2015-10-01","2016-10-01"
-51.4425907210446,-15.5252971398454,"pastagem",201729,"2015-10-01","2016-10-01"
-50.2505527591615,-15.7386091961789,"outro",273495,"2015-10-01","2016-10-01"
-50.0853404802338,-15.1530466885969,"outro",78134,"2015-10-01","2016-10-01"
-50.9385887055817,-15.6068576319729,"outro",229192,"2015-10-01","2016-10-01"
-51.1100748685193,-16.0773989327084,"pastagem",386160,"2015-10-01","2016-10-01"
-50.5621556649871,-15.309893788842,"outro",130256,"2015-10-01","2016-10-01"
-50.7273679439147,-15.5002016038062,"pastagem",193695,"2015-10-01","2016-10-01"
-50.215000749772,-15.9791080832215,"outro",353782,"2015-10-01","2016-10-01"
-51.4467733103845,-15.0693949017994,"pastagem",49563,"2015-10-01","2016-10-01"
-50.1961790977423,-15.732335312169,"pastagem",271427,"2015-10-01","2016-10-01"
-50.0309668188146,-15.3308067355414,"outro",137490,"2015-10-01","2016-10-01"
-51.4258603636848,-14.9711040523125,"pastagem",16767,"2015-10-01","2016-10-01"
-50.6667203984856,-15.37681521828,"outro",152542,"2015-10-01","2016-10-01"
-50.1710835617026,-15.7302440174991,"pastagem",270741,"2015-10-01","2016-10-01"
-50.7566460692943,-15.5294797291853,"pastagem",203453,"2015-10-01","2016-10-01"
-51.1874527713082,-15.5106580771559,"pastagem",196965,"2015-10-01","2016-10-01"
-50.9511364736016,-14.9920169990118,"outro",23974,"2015-10-01","2016-10-01"
-50.0476971761744,-15.6884181241004,"pastagem",256840,"2015-10-01","2016-10-01"
-51.1623572352686,-15.2304245913845,"outro",103445,"2015-10-01","2016-10-01"
-50.7148201758949,-16.2635241583327,"pastagem",448471,"2015-10-01","2016-10-01"
-50.7252766492448,-15.2513375380838,"pastagem",110634,"2015-10-01","2016-10-01"
-50.5161471822477,-15.7218788388194,"outro",267784,"2015-10-01","2016-10-01"
-51.202091833998,-16.2279721489438,"pastagem",436372,"2015-10-01","2016-10-01"
-50.145988025663,-16.2384286222935,"pastagem",440367,"2015-10-01","2016-10-01"
-50.5747034330069,-15.6235879893324,"outro",234950,"2015-10-01","2016-10-01"
-50.1146186056134,-15.4876538357866,"pastagem",189800,"2015-10-01","2016-10-01"
-50.8172936147235,-15.4583757104075,"pastagem",179692,"2015-10-01","2016-10-01"
-50.4554996368186,-14.9585562842928,"pastagem",13043,"2015-10-01","2016-10-01"
-50.0456058815044,-16.0815815220483,"pastagem",388065,"2015-10-01","2016-10-01"
-50.2024529817522,-15.0317515977406,"outro",37594,"2015-10-01","2016-10-01"
-50.3153828939306,-16.1756897821954,"pastagem",419346,"2015-10-01","2016-10-01"
-51.0494273230902,-15.1990551713354,"pastagem",93029,"2015-10-01","2016-10-01"
-50.1919965084023,-15.4792886571068,"outro",186971,"2015-10-01","2016-10-01"
-50.1773574457125,-14.9460085162732,"outro",8988,"2015-10-01","2016-10-01"
-50.7378244172646,-15.0610297231197,"outro",47110,"2015-10-01","2016-10-01"
-51.204183128668,-15.8285348669861,"outro",303053,"2015-10-01","2016-10-01"
-50.6813594611754,-16.2656154530026,"pastagem",449185,"2015-10-01","2016-10-01"
-50.9699581256313,-15.602675042633,"pastagem",227781,"2015-10-01","2016-10-01"
-50.0937056589137,-15.3140763781819,"outro",131876,"2015-10-01","2016-10-01"
-50.074884006884,-15.0735774911393,"outro",51615,"2015-10-01","2016-10-01"
-50.6834507558454,-15.8264435723162,"pastagem",302604,"2015-10-01","2016-10-01"
-50.0100538721149,-16.2133330862543,"outro",432056,"2015-10-01","2016-10-01"
-50.0100538721149,-15.3412632088911,"pastagem",140990,"2015-10-01","2016-10-01"
-50.4408605741288,-15.5775795065938,"outro",219658,"2015-10-01","2016-10-01"
-51.2292786647076,-15.4500105317277,"pastagem",176703,"2015-10-01","2016-10-01"
-51.1937266553181,-15.7908915629272,"pastagem",290494,"2015-10-01","2016-10-01"
-51.2313699593776,-15.6298618733422,"outro",236730,"2015-10-01","2016-10-01"
-50.8549369187829,-15.6654138827311,"outro",248776,"2015-10-01","2016-10-01"
-50.4345866901189,-15.2011464660054,"outro",94021,"2015-10-01","2016-10-01"
-50.6813594611754,-16.2363373276236,"outro",439413,"2015-10-01","2016-10-01"
-50.1188011949534,-15.9832906725613,"pastagem",355224,"2015-10-01","2016-10-01"
-50.4304041007789,-14.9271868642438,"pastagem",2585,"2015-10-01","2016-10-01"
-51.1372616992289,-15.9414647791626,"outro",340777,"2015-10-01","2016-10-01"
-51.4216777743449,-15.4709234784271,"pastagem",183591,"2015-10-01","2016-10-01"
-50.1940878030723,-15.9874732619012,"pastagem",356584,"2015-10-01","2016-10-01"
-50.6813594611754,-15.213694234025,"pastagem",98091,"2015-10-01","2016-10-01"
-50.9260409375619,-15.864086876375,"pastagem",315052,"2015-10-01","2016-10-01"
-51.05988379644,-15.0254777137308,"outro",35090,"2015-10-01","2016-10-01"
-50.1208924896233,-16.2739806316824,"pastagem",452245,"2015-10-01","2016-10-01"
-50.4805951728582,-15.8076219202867,"pastagem",296419,"2015-10-01","2016-10-01"
-50.1020708375936,-15.1635031619465,"outro",81616,"2015-10-01","2016-10-01"
-50.3028351259108,-14.9606475789628,"outro",13814,"2015-10-01","2016-10-01"
-51.0180579030406,-16.0062949139306,"outro",362472,"2015-10-01","2016-10-01"
-50.0916143642437,-15.8285348669861,"outro",303585,"2015-10-01","2016-10-01"
-50.5370601289474,-15.9686516098718,"pastagem",350138,"2015-10-01","2016-10-01"
-51.3923996489653,-15.4479192370578,"pastagem",175927,"2015-10-01","2016-10-01"
-50.0205103454648,-15.5754882119239,"outro",219161,"2015-10-01","2016-10-01"
-50.074884006884,-15.4186411116787,"pastagem",166785,"2015-10-01","2016-10-01"
-50.2400962858116,-16.2175156755941,"outro",433342,"2015-10-01","2016-10-01"
-50.4575909314886,-15.2889808421427,"outro",123326,"2015-10-01","2016-10-01"
-51.1414442885689,-15.9100953591136,"outro",330305,"2015-10-01","2016-10-01"
-51.2481003167374,-15.084033964489,"pastagem",54544,"2015-10-01","2016-10-01"
-51.2271873700377,-15.3454457982309,"pastagem",141804,"2015-10-01","2016-10-01"
-50.8591195081229,-15.4290975850284,"pastagem",169900,"2015-10-01","2016-10-01"
-50.8946715175124,-16.2907109890419,"pastagem",457459,"2015-10-01","2016-10-01"
-50.7901067840139,-15.7386091961789,"pastagem",273237,"2015-10-01","2016-10-01"
-51.3233869248563,-14.9334607482536,"outro",4252,"2015-10-01","2016-10-01"
-51.1686311192785,-15.9749254938816,"pastagem",351930,"2015-10-01","2016-10-01"
-50.7942893733538,-15.2492462434139,"pastagem",109903,"2015-10-01","2016-10-01"
-50.5496078969673,-15.7365179015089,"pastagem",272654,"2015-10-01","2016-10-01"
-51.1456268779088,-15.6800529454207,"pastagem",253523,"2015-10-01","2016-10-01"
-50.7420070066045,-15.5462100865448,"outro",209044,"2015-10-01","2016-10-01"
-51.2585567900872,-15.8536304030253,"pastagem",311403,"2015-10-01","2016-10-01"
-50.3425697246402,-16.1213161207771,"pastagem",401185,"2015-10-01","2016-10-01"
-50.7357331225946,-16.1401377728065,"pastagem",407279,"2015-10-01","2016-10-01"
-51.1100748685193,-15.0693949017994,"outro",49724,"2015-10-01","2016-10-01"
-50.9448625895917,-16.1171335314372,"pastagem",399501,"2015-10-01","2016-10-01"
-50.8068371413736,-16.1024944687477,"outro",394681,"2015-10-01","2016-10-01"
-50.2317311071318,-16.1443203621464,"pastagem",408916,"2015-10-01","2016-10-01"
-50.919767053552,-16.1547768354961,"pastagem",412077,"2015-10-01","2016-10-01"
-50.0518797655143,-15.2346071807244,"pastagem",105372,"2015-10-01","2016-10-01"
-51.4509558997245,-15.4939277197964,"pastagem",191255,"2015-10-01","2016-10-01"
-51.0034188403508,-16.1589594248359,"pastagem",413433,"2015-10-01","2016-10-01"
-51.3380259875461,-16.0167513872803,"pastagem",365809,"2015-10-01","2016-10-01"
-50.1250750789633,-15.6382270520219,"pastagem",240051,"2015-10-01","2016-10-01"
-50.1480793203329,-14.9376433375935,"pastagem",6210,"2015-10-01","2016-10-01"
-50.5872512010267,-15.7156049548096,"pastagem",265656,"2015-10-01","2016-10-01"
-51.2167308966878,-15.5273884345154,"pastagem",202535,"2015-10-01","2016-10-01"
-50.3446610193102,-15.4332801743682,"pastagem",171542,"2015-10-01","2016-10-01"
-51.3233869248563,-14.9355520429236,"outro",4950,"2015-10-01","2016-10-01"
-50.846571740103,-14.9899257043419,"outro",23326,"2015-10-01","2016-10-01"
-50.215000749772,-15.1049469111883,"outro",62018,"2015-10-01","2016-10-01"
-51.3714867022656,-15.9017301804338,"pastagem",327403,"2015-10-01","2016-10-01"
-51.0452447337502,-14.9961995883517,"outro",25325,"2015-10-01","2016-10-01"
-51.1247139312091,-15.2806156634629,"pastagem",120215,"2015-10-01","2016-10-01"
-50.1878139190624,-14.9334607482536,"outro",4795,"2015-10-01","2016-10-01"
-51.3903083542953,-15.6758703560808,"pastagem",252010,"2015-10-01","2016-10-01"
-51.1853614766382,-15.2576114220936,"outro",112508,"2015-10-01","2016-10-01"
-50.5412427182874,-14.920912980234,"outro",438,"2015-10-01","2016-10-01"
-50.2693744111912,-15.2220594127047,"pastagem",101080,"2015-10-01","2016-10-01"
-50.0686101228741,-15.8849998230744,"outro",322442,"2015-10-01","2016-10-01"
-50.5056907088979,-15.8369000456658,"pastagem",306179,"2015-10-01","2016-10-01"
-50.3362958406303,-15.4207324063486,"pastagem",167358,"2015-10-01","2016-10-01"
-50.7691938373141,-15.9707429045417,"pastagem",350725,"2015-10-01","2016-10-01"
-50.2777395898711,-15.6779616507507,"pastagem",253240,"2015-10-01","2016-10-01"
-51.0431534390803,-14.9752866416523,"pastagem",18346,"2015-10-01","2016-10-01"
-51.0389708497403,-14.9773779363223,"outro",19046,"2015-10-01","2016-10-01"
-50.2902873578909,-16.2112417915843,"pastagem",431224,"2015-10-01","2016-10-01"
-51.2188221913578,-15.8097132149567,"pastagem",296764,"2015-10-01","2016-10-01"
-50.4847777621982,-15.0254777137308,"pastagem",35365,"2015-10-01","2016-10-01"
-50.5182384769177,-15.3579935662506,"outro",146331,"2015-10-01","2016-10-01"
-51.0745228591298,-15.1384076259073,"outro",72775,"2015-10-01","2016-10-01"
-50.9720494203013,-16.0439382179895,"outro",375058,"2015-10-01","2016-10-01"
-51.2920175048067,-16.0418469233195,"outro",374207,"2015-10-01","2016-10-01"
-50.8821237494925,-15.7908915629272,"pastagem",290643,"2015-10-01","2016-10-01"
-50.7901067840139,-15.182324813976,"outro",87569,"2015-10-01","2016-10-01"
-50.0121451667849,-15.2555201274237,"pastagem",112371,"2015-10-01","2016-10-01"
-51.415403890335,-16.0062949139306,"pastagem",362282,"2015-10-01","2016-10-01"
-51.1142574578593,-16.1819636662052,"outro",421058,"2015-10-01","2016-10-01"
-51.2481003167374,-16.0753076380385,"outro",385396,"2015-10-01","2016-10-01"
-51.206274423338,-16.1275900047869,"pastagem",402866,"2015-10-01","2016-10-01"
-50.2087268657621,-15.539936202535,"pastagem",207205,"2015-10-01","2016-10-01"
-51.2627393794272,-15.8599042870351,"outro",313495,"2015-10-01","2016-10-01"
-51.413312595665,-15.8536304030253,"pastagem",311329,"2015-10-01","2016-10-01"
-50.8716672761427,-15.9142779484535,"pastagem",331830,"2015-10-01","2016-10-01"
-50.8047458467036,-15.3496283875708,"pastagem",143402,"2015-10-01","2016-10-01"
-50.7461895959445,-14.9627388736327,"pastagem",14300,"2015-10-01","2016-10-01"
-50.8925802228424,-15.8599042870351,"pastagem",313672,"2015-10-01","2016-10-01"
-51.4028561223152,-15.0589384284498,"pastagem",46094,"2015-10-01","2016-10-01"
-51.0682489751199,-16.0209339766202,"outro",367334,"2015-10-01","2016-10-01"
-50.9971449563409,-15.9184605377933,"pastagem",333166,"2015-10-01","2016-10-01"
-50.1773574457125,-16.1213161207771,"outro",401264,"2015-10-01","2016-10-01"
-51.0347882604004,-14.9690127576425,"outro",16256,"2015-10-01","2016-10-01"
-50.5830686116868,-15.3705413342702,"outro",150488,"2015-10-01","2016-10-01"
-51.1372616992289,-15.9247344218031,"pastagem",335193,"2015-10-01","2016-10-01"
-50.4492257528087,-15.7072397761298,"pastagem",262930,"2015-10-01","2016-10-01"
-51.0724315644598,-15.9686516098718,"pastagem",349882,"2015-10-01","2016-10-01"
-50.5182384769177,-15.3809978076199,"outro",154009,"2015-10-01","2016-10-01"
-50.3634826713399,-16.2697980423425,"outro",450733,"2015-10-01","2016-10-01"
-50.1062534269335,-15.0903078484988,"outro",57184,"2015-10-01","2016-10-01"
-50.4471344581387,-16.1380464781366,"outro",406719,"2015-10-01","2016-10-01"
-50.0100538721149,-16.0021123245908,"outro",361558,"2015-10-01","2016-10-01"
-50.6081641477264,-15.7553395535383,"outro",278908,"2015-10-01","2016-10-01"
-51.1414442885689,-15.4646495944173,"pastagem",181631,"2015-10-01","2016-10-01"
-50.5537904863072,-15.895456296424,"pastagem",325700,"2015-10-01","2016-10-01"
-50.5621556649871,-14.9878344096719,"pastagem",22764,"2015-10-01","2016-10-01"
-50.1627183830227,-15.3956368703094,"outro",159065,"2015-10-01","2016-10-01"
-51.0368795550703,-15.2534288327538,"pastagem",111183,"2015-10-01","2016-10-01"
-50.9825058936511,-15.3203502621917,"pastagem",133545,"2015-10-01","2016-10-01"
-50.1208924896233,-15.4667408890872,"pastagem",182817,"2015-10-01","2016-10-01"
-50.6604465144757,-15.0422080710903,"pastagem",40865,"2015-10-01","2016-10-01"
-51.2188221913578,-16.3053500517314,"outro",462190,"2015-10-01","2016-10-01"
-51.0954358058295,-15.7762525002377,"pastagem",285655,"2015-10-01","2016-10-01"
-50.9615929469514,-15.506475487816,"pastagem",195677,"2015-10-01","2016-10-01"
-51.2334612540476,-15.8369000456658,"outro",305831,"2015-10-01","2016-10-01"
-51.1414442885689,-15.4019107543192,"pastagem",160691,"2015-10-01","2016-10-01"
-50.6541726304658,-15.0442993657602,"pastagem",41566,"2015-10-01","2016-10-01"
-50.5161471822477,-16.0292991552999,"pastagem",370390,"2015-10-01","2016-10-01"
-50.3488436086501,-15.8159870989665,"pastagem",299274,"2015-10-01","2016-10-01"
-51.2334612540476,-15.2262420020446,"pastagem",102015,"2015-10-01","2016-10-01"
-50.7671025426442,-15.6800529454207,"outro",253704,"2015-10-01","2016-10-01"
-50.0539710601843,-15.3935455756395,"pastagem",158419,"2015-10-01","2016-10-01"
-50.8068371413736,-15.506475487816,"outro",195751,"2015-10-01","2016-10-01"
-50.4701386995084,-15.8494478136854,"pastagem",310384,"2015-10-01","2016-10-01"
-50.8068371413736,-14.9731953469824,"outro",17761,"2015-10-01","2016-10-01"
-51.275287147447,-15.9498299578424,"outro",343503,"2015-10-01","2016-10-01"
-50.2442788751516,-16.221698264934,"outro",434736,"2015-10-01","2016-10-01"
-50.2275485177918,-15.9540125471822,"pastagem",345400,"2015-10-01","2016-10-01"
-51.0870706271496,-16.2781632210223,"pastagem",453179,"2015-10-01","2016-10-01"
-50.568429548997,-16.1756897821954,"outro",419225,"2015-10-01","2016-10-01"
-50.0476971761744,-15.4374627637081,"outro",173080,"2015-10-01","2016-10-01"
-50.2923786525609,-15.8745433497247,"outro",318845,"2015-10-01","2016-10-01"
-50.6458074517859,-15.3893629862996,"outro",156740,"2015-10-01","2016-10-01"
-50.1585357936828,-16.092037995398,"outro",391501,"2015-10-01","2016-10-01"
-50.6186206210763,-15.9268257164731,"pastagem",336139,"2015-10-01","2016-10-01"
-50.919767053552,-15.9498299578424,"outro",343673,"2015-10-01","2016-10-01"
-50.217092044442,-15.7239701334893,"pastagem",268625,"2015-10-01","2016-10-01"
-50.6520813357958,-15.4562844157375,"outro",179073,"2015-10-01","2016-10-01"
-50.0100538721149,-16.092037995398,"outro",391572,"2015-10-01","2016-10-01"
-51.0452447337502,-15.2847982528028,"pastagem",121649,"2015-10-01","2016-10-01"
-50.1041621322636,-16.123407415447,"pastagem",401997,"2015-10-01","2016-10-01"
-51.0494273230902,-15.5002016038062,"pastagem",193541,"2015-10-01","2016-10-01"
-50.3362958406303,-15.8264435723162,"pastagem",302770,"2015-10-01","2016-10-01"
-50.1836313297224,-16.0042036192607,"outro",362173,"2015-10-01","2016-10-01"
-50.8068371413736,-16.1505942461562,"pastagem",410735,"2015-10-01","2016-10-01"
-50.5600643703171,-15.8536304030253,"pastagem",311737,"2015-10-01","2016-10-01"
-50.7566460692943,-15.9351908951528,"outro",338865,"2015-10-01","2016-10-01"
-50.9553190629415,-15.7574308482083,"pastagem",279440,"2015-10-01","2016-10-01"
-51.2836523261269,-15.5462100865448,"outro",208785,"2015-10-01","2016-10-01"
-50.9720494203013,-15.6277705786723,"pastagem",236156,"2015-10-01","2016-10-01"
-50.8131110253835,-15.1216772685478,"outro",67316,"2015-10-01","2016-10-01"
-51.2334612540476,-16.0355730393097,"pastagem",372141,"2015-10-01","2016-10-01"
-50.8570282134529,-16.0230252712901,"outro",368133,"2015-10-01","2016-10-01"
-50.8883976335025,-15.9561038418522,"pastagem",345782,"2015-10-01","2016-10-01"
-51.346391166226,-15.636135757352,"pastagem",238769,"2015-10-01","2016-10-01"
-51.0536099124301,-14.9920169990118,"pastagem",23925,"2015-10-01","2016-10-01"
-50.777559015994,-15.4981103091363,"outro",192973,"2015-10-01","2016-10-01"
-50.3948520913895,-15.4270062903584,"pastagem",169424,"2015-10-01","2016-10-01"
-50.3425697246402,-15.8118045096266,"pastagem",297881,"2015-10-01","2016-10-01"
-50.0539710601843,-16.1526855408261,"pastagem",411793,"2015-10-01","2016-10-01"
-50.7859241946739,-15.6173141053226,"pastagem",232755,"2015-10-01","2016-10-01"
-51.3819431756155,-16.0313904499699,"outro",370674,"2015-10-01","2016-10-01"
-50.5161471822477,-15.5420274972049,"outro",207756,"2015-10-01","2016-10-01"
-51.2606480847572,-15.1133120898681,"pastagem",64310,"2015-10-01","2016-10-01"
-51.413312595665,-15.4500105317277,"outro",176615,"2015-10-01","2016-10-01"
-50.7378244172646,-16.0042036192607,"outro",361908,"2015-10-01","2016-10-01"
-51.2146396020178,-16.1673246035157,"outro",416124,"2015-10-01","2016-10-01"
-50.495234235548,-15.7469743748586,"pastagem",276170,"2015-10-01","2016-10-01"
-50.708546291885,-16.02720786063,"outro",369600,"2015-10-01","2016-10-01"
-51.3317521035362,-15.5294797291853,"outro",203178,"2015-10-01","2016-10-01"
-50.2777395898711,-16.060668575349,"outro",380974,"2015-10-01","2016-10-01"
-51.4237690690149,-16.2760719263523,"outro",452320,"2015-10-01","2016-10-01"
-50.4617735208285,-15.4479192370578,"outro",176372,"2015-10-01","2016-10-01"
-51.3296608088662,-15.9561038418522,"outro",345571,"2015-10-01","2016-10-01"
-51.1017096898394,-16.1171335314372,"outro",399426,"2015-10-01","2016-10-01"
-50.2108181604321,-15.1655944566165,"outro",82262,"2015-10-01","2016-10-01"
-51.0138753137007,-15.6758703560808,"pastagem",252190,"2015-10-01","2016-10-01"
-50.5914337903667,-16.0355730393097,"outro",372448,"2015-10-01","2016-10-01"
-50.4826864675282,-15.2973460208224,"pastagem",126106,"2015-10-01","2016-10-01"
-50.6709029878255,-16.2635241583327,"pastagem",448492,"2015-10-01","2016-10-01"
-50.6478987464559,-15.3328980302113,"pastagem",137893,"2015-10-01","2016-10-01"
-50.2589179378414,-15.6068576319729,"pastagem",229517,"2015-10-01","2016-10-01"
-51.0326969657304,-16.1087683527575,"pastagem",396667,"2015-10-01","2016-10-01"
-50.005871282775,-16.1694158981856,"pastagem",417400,"2015-10-01","2016-10-01"
-50.2296398124618,-15.7156049548096,"pastagem",265827,"2015-10-01","2016-10-01"
-50.1543532043429,-15.0463906604301,"outro",42503,"2015-10-01","2016-10-01"
-51.1707224139485,-15.4918364251264,"pastagem",190691,"2015-10-01","2016-10-01"
-50.8737585708127,-16.02511656596,"outro",368823,"2015-10-01","2016-10-01"
-51.1832701819683,-15.734426606839,"outro",271653,"2015-10-01","2016-10-01"
-50.9971449563409,-15.2973460208224,"pastagem",125860,"2015-10-01","2016-10-01"
-50.7587373639643,-16.0460295126594,"outro",375858,"2015-10-01","2016-10-01"
-50.1543532043429,-15.6340444626821,"outro",238641,"2015-10-01","2016-10-01"
-51.0389708497403,-15.8870911177443,"pastagem",322676,"2015-10-01","2016-10-01"
-50.5035994142279,-15.2534288327538,"pastagem",111438,"2015-10-01","2016-10-01"
-50.2693744111912,-15.3809978076199,"outro",154128,"2015-10-01","2016-10-01"
-50.8402978560931,-15.767887321558,"pastagem",282985,"2015-10-01","2016-10-01"
-50.6750855771655,-15.4709234784271,"outro",183948,"2015-10-01","2016-10-01"
-50.8110197307136,-16.2342460329536,"pastagem",438653,"2015-10-01","2016-10-01"
-51.0724315644598,-15.4562844157375,"pastagem",178872,"2015-10-01","2016-10-01"
-50.8068371413736,-15.4228237010186,"outro",167831,"2015-10-01","2016-10-01"
-51.2125483073479,-15.604766337303,"outro",228363,"2015-10-01","2016-10-01"
-50.8863063388325,-15.7511569641985,"pastagem",277379,"2015-10-01","2016-10-01"
-50.5182384769177,-15.7971654469371,"outro",292911,"2015-10-01","2016-10-01"
-50.0832491855639,-16.1924201395549,"pastagem",425041,"2015-10-01","2016-10-01"
-50.001688693435,-15.765796026888,"pastagem",282688,"2015-10-01","2016-10-01"
-51.1769962979584,-15.9163692431234,"pastagem",332382,"2015-10-01","2016-10-01"
-50.3342045459603,-14.9564649896229,"pastagem",12403,"2015-10-01","2016-10-01"
-50.7190027652349,-15.7156049548096,"pastagem",265593,"2015-10-01","2016-10-01"
-50.9281322322319,-15.1885986979858,"pastagem",89597,"2015-10-01","2016-10-01"
-51.4530471943945,-15.1865074033158,"outro",88648,"2015-10-01","2016-10-01"
-50.9971449563409,-16.0209339766202,"outro",367368,"2015-10-01","2016-10-01"
-50.850754329443,-15.1718683406263,"pastagem",84050,"2015-10-01","2016-10-01"
-51.3819431756155,-15.441645353048,"pastagem",173838,"2015-10-01","2016-10-01"
-51.1581746459286,-15.7950741522671,"outro",291907,"2015-10-01","2016-10-01"
-51.1853614766382,-15.0547558391099,"pastagem",44802,"2015-10-01","2016-10-01"
-50.9804145989811,-14.9460085162732,"outro",8604,"2015-10-01","2016-10-01"
-51.1498094672488,-15.1655944566165,"pastagem",81813,"2015-10-01","2016-10-01"
-50.4889603515381,-15.9059127697737,"pastagem",329221,"2015-10-01","2016-10-01"
-50.8591195081229,-15.6779616507507,"pastagem",252962,"2015-10-01","2016-10-01"
-50.6750855771655,-15.9142779484535,"outro",331924,"2015-10-01","2016-10-01"
-51.1163487525292,-15.8787259390645,"outro",319847,"2015-10-01","2016-10-01"
-51.2962000941467,-15.1990551713354,"pastagem",92911,"2015-10-01","2016-10-01"
-50.4805951728582,-15.2555201274237,"pastagem",112147,"2015-10-01","2016-10-01"
-50.3697565553498,-15.9958384405809,"outro",359292,"2015-10-01","2016-10-01"
-51.2941087994767,-15.9916558512411,"pastagem",357454,"2015-10-01","2016-10-01"
-51.1414442885689,-15.928917011143,"outro",336587,"2015-10-01","2016-10-01"
-50.852845624113,-15.4939277197964,"outro",191541,"2015-10-01","2016-10-01"
-50.917675758882,-15.2889808421427,"pastagem",123106,"2015-10-01","2016-10-01"
-50.4805951728582,-15.5671230332441,"pastagem",216149,"2015-10-01","2016-10-01"
-50.1229837842933,-15.0087473563713,"outro",29954,"2015-10-01","2016-10-01"
-50.6667203984856,-15.1007643218485,"pastagem",60406,"2015-10-01","2016-10-01"
-51.1414442885689,-15.5211145505055,"pastagem",200477,"2015-10-01","2016-10-01"
-50.1606270883528,-16.0753076380385,"outro",385916,"2015-10-01","2016-10-01"
-50.9469538842616,-15.1467728045871,"pastagem",75628,"2015-10-01","2016-10-01"
-50.8863063388325,-15.1321337418975,"outro",70771,"2015-10-01","2016-10-01"
-50.0811578908939,-16.1004031740777,"pastagem",394330,"2015-10-01","2016-10-01"
-50.6144380317363,-15.8870911177443,"pastagem",322879,"2015-10-01","2016-10-01"
-51.1498094672488,-15.1906899926557,"outro",90189,"2015-10-01","2016-10-01"
-51.4300429530248,-15.4541931210676,"outro",178003,"2015-10-01","2016-10-01"
-50.1250750789633,-14.985743115002,"outro",22275,"2015-10-01","2016-10-01"
-50.8988541068523,-15.9038214751038,"outro",328327,"2015-10-01","2016-10-01"
-51.0975271004995,-15.9142779484535,"pastagem",331722,"2015-10-01","2016-10-01"
-50.0560623548543,-15.8703607603848,"pastagem",317562,"2015-10-01","2016-10-01"
-50.212909455102,-14.9355520429236,"outro",5481,"2015-10-01","2016-10-01"
-50.1355315523131,-15.3182589675218,"pastagem",133252,"2015-10-01","2016-10-01"
-50.8277500880733,-16.0418469233195,"pastagem",374429,"2015-10-01","2016-10-01"
-51.0661576804499,-16.156868130166,"outro",412705,"2015-10-01","2016-10-01"
-51.0891619218196,-15.7783437949076,"pastagem",286356,"2015-10-01","2016-10-01"
-50.2338224018017,-15.9916558512411,"pastagem",357961,"2015-10-01","2016-10-01"
-50.8444804454331,-16.1631420141758,"pastagem",414905,"2015-10-01","2016-10-01"
-51.1268052258791,-15.3621761555904,"pastagem",147436,"2015-10-01","2016-10-01"
-50.4408605741288,-15.9226431271332,"pastagem",334828,"2015-10-01","2016-10-01"
-50.1125273109434,-15.830626161656,"pastagem",304273,"2015-10-01","2016-10-01"
-51.1602659405986,-15.7532482588684,"pastagem",277946,"2015-10-01","2016-10-01"
-51.05988379644,-15.0673036071295,"pastagem",49050,"2015-10-01","2016-10-01"
-50.8758498654826,-15.1697770459563,"pastagem",83340,"2015-10-01","2016-10-01"
-51.1184400471992,-15.5964011586232,"outro",225616,"2015-10-01","2016-10-01"
-50.9971449563409,-15.7867089735874,"outro",289192,"2015-10-01","2016-10-01"
-50.7357331225946,-16.1673246035157,"pastagem",416353,"2015-10-01","2016-10-01"
-50.7482808906144,-15.0087473563713,"pastagem",29655,"2015-10-01","2016-10-01"
-50.1188011949534,-15.9498299578424,"outro",344056,"2015-10-01","2016-10-01"
-51.2794697367869,-16.2969848730517,"outro",459369,"2015-10-01","2016-10-01"
-51.1163487525292,-15.9540125471822,"outro",344975,"2015-10-01","2016-10-01"
-50.2254572231219,-15.247154948744,"outro",109477,"2015-10-01","2016-10-01"
-50.5726121383369,-15.9142779484535,"outro",331973,"2015-10-01","2016-10-01"
-50.1062534269335,-15.8557216976953,"pastagem",312652,"2015-10-01","2016-10-01"
-50.9595016522814,-15.9435560738326,"pastagem",341560,"2015-10-01","2016-10-01"
-50.5328775396075,-14.9752866416523,"outro",18590,"2015-10-01","2016-10-01"
-51.0682489751199,-14.9460085162732,"outro",8562,"2015-10-01","2016-10-01"
-50.286104768551,-15.3391719142211,"outro",140160,"2015-10-01","2016-10-01"
-50.8382065614232,-15.6131315159827,"pastagem",231334,"2015-10-01","2016-10-01"
-50.846571740103,-14.9271868642438,"pastagem",2386,"2015-10-01","2016-10-01"
-51.204183128668,-15.1425902152472,"pastagem",74109,"2015-10-01","2016-10-01"
-51.3589389342458,-16.0794902273784,"outro",386739,"2015-10-01","2016-10-01"
-50.7921980786838,-15.2116029393551,"pastagem",97340,"2015-10-01","2016-10-01"
-51.3965822383052,-15.7699786162279,"outro",283417,"2015-10-01","2016-10-01"
-50.4764125835183,-15.5754882119239,"outro",218943,"2015-10-01","2016-10-01"
-50.288196063221,-15.1781422246361,"pastagem",86413,"2015-10-01","2016-10-01"
-50.6081641477264,-15.5252971398454,"pastagem",202128,"2015-10-01","2016-10-01"
-50.8214762040634,-14.9418259269334,"outro",7284,"2015-10-01","2016-10-01"
-50.9093105802022,-16.2739806316824,"outro",451868,"2015-10-01","2016-10-01"
-50.852845624113,-15.8996388857639,"pastagem",326953,"2015-10-01","2016-10-01"
-50.8842150441625,-15.0338428924105,"pastagem",37966,"2015-10-01","2016-10-01"
-50.6478987464559,-15.2555201274237,"pastagem",112067,"2015-10-01","2016-10-01"
-51.2334612540476,-15.3684500396002,"outro",149479,"2015-10-01","2016-10-01"
-50.3007438312408,-15.9916558512411,"outro",357929,"2015-10-01","2016-10-01"
-50.7587373639643,-15.9958384405809,"pastagem",359106,"2015-10-01","2016-10-01"
-50.7524634799544,-16.0334817446398,"outro",371673,"2015-10-01","2016-10-01"
-50.7963806680238,-15.636135757352,"pastagem",239032,"2015-10-01","2016-10-01"
-51.0431534390803,-15.6214966946625,"pastagem",234028,"2015-10-01","2016-10-01"
-50.0790665962239,-15.1467728045871,"outro",76043,"2015-10-01","2016-10-01"
-50.5809773170168,-15.5294797291853,"outro",203537,"2015-10-01","2016-10-01"
-50.8842150441625,-15.0359341870805,"pastagem",38664,"2015-10-01","2016-10-01"
-50.1752661510426,-15.3349893248813,"outro",138817,"2015-10-01","2016-10-01"
-50.1794487403825,-14.9941082936817,"outro",25041,"2015-10-01","2016-10-01"
-51.0661576804499,-14.9690127576425,"pastagem",16241,"2015-10-01","2016-10-01"
-50.0456058815044,-15.0861252591589,"outro",55817,"2015-10-01","2016-10-01"
-50.6918159345252,-15.571305622584,"pastagem",217444,"2015-10-01","2016-10-01"
-50.0853404802338,-15.3370806195512,"pastagem",139558,"2015-10-01","2016-10-01"
-50.7357331225946,-15.1028556165184,"pastagem",61071,"2015-10-01","2016-10-01"
-51.0264230817205,-16.1756897821954,"outro",419006,"2015-10-01","2016-10-01"
-51.2648306740971,-16.0418469233195,"pastagem",374220,"2015-10-01","2016-10-01"
-51.4091300063251,-16.2447025063033,"pastagem",441857,"2015-10-01","2016-10-01"
-51.3673041129257,-16.1505942461562,"outro",410467,"2015-10-01","2016-10-01"
-50.4826864675282,-15.864086876375,"pastagem",315264,"2015-10-01","2016-10-01"
-50.8653933921328,-15.3789065129499,"outro",153145,"2015-10-01","2016-10-01"
-51.3296608088662,-16.0564859860091,"pastagem",379075,"2015-10-01","2016-10-01"
-50.2296398124618,-15.1133120898681,"outro",64803,"2015-10-01","2016-10-01"
-50.5726121383369,-15.7218788388194,"outro",267757,"2015-10-01","2016-10-01"
-51.344299871556,-15.8055306256168,"pastagem",295308,"2015-10-01","2016-10-01"
-50.9134931695421,-15.8118045096266,"pastagem",297608,"2015-10-01","2016-10-01"
-50.6060728530565,-15.9414647791626,"pastagem",341031,"2015-10-01","2016-10-01"
-51.2773784421169,-15.0087473563713,"pastagem",29402,"2015-10-01","2016-10-01"
-51.1393529938989,-15.2492462434139,"outro",109738,"2015-10-01","2016-10-01"
-51.0347882604004,-15.7030571867899,"pastagem",261254,"2015-10-01","2016-10-01"
-51.4404994263746,-15.1572292779367,"outro",78882,"2015-10-01","2016-10-01"
-50.5977076743766,-16.2677067476726,"pastagem",449923,"2015-10-01","2016-10-01"
-50.5391514236174,-16.2509763903131,"pastagem",444367,"2015-10-01","2016-10-01"
-50.4073998594093,-15.1467728045871,"pastagem",75886,"2015-10-01","2016-10-01"
-50.7503721852844,-16.1652333088457,"pastagem",415648,"2015-10-01","2016-10-01"
-50.9532277682715,-15.3789065129499,"outro",153103,"2015-10-01","2016-10-01"
-50.3969433860594,-15.2931634314826,"outro",124751,"2015-10-01","2016-10-01"
-50.5224210662576,-16.2279721489438,"pastagem",436697,"2015-10-01","2016-10-01"
-51.2355525487175,-16.156868130166,"pastagem",412624,"2015-10-01","2016-10-01"
-50.5161471822477,-16.0627598700189,"outro",381558,"2015-10-01","2016-10-01"
-51.2941087994767,-15.5692143279141,"outro",216458,"2015-10-01","2016-10-01"
-50.5349688342775,-15.1572292779367,"pastagem",79315,"2015-10-01","2016-10-01"
-51.1456268779088,-15.05057324977,"pastagem",43425,"2015-10-01","2016-10-01"
-50.8423891507631,-15.6403183466919,"pastagem",240406,"2015-10-01","2016-10-01"
-50.6709029878255,-16.0690337540287,"pastagem",383578,"2015-10-01","2016-10-01"
-50.3781217340297,-16.1610507195059,"pastagem",414430,"2015-10-01","2016-10-01"
-50.6876333451853,-15.7197875441494,"outro",267004,"2015-10-01","2016-10-01"
-50.4722299941784,-14.9878344096719,"pastagem",22807,"2015-10-01","2016-10-01"
-51.1958179499881,-15.8536304030253,"pastagem",311433,"2015-10-01","2016-10-01"
-50.9845971883211,-15.1697770459563,"pastagem",83288,"2015-10-01","2016-10-01"
-50.0246929348047,-15.3475370929009,"pastagem",143077,"2015-10-01","2016-10-01"
-50.7503721852844,-16.286528399702,"outro",456132,"2015-10-01","2016-10-01"
-51.4404994263746,-15.1384076259073,"pastagem",72600,"2015-10-01","2016-10-01"
-50.637442273106,-15.8348087509959,"pastagem",305418,"2015-10-01","2016-10-01"
-50.7190027652349,-14.985743115002,"pastagem",21991,"2015-10-01","2016-10-01"
-50.35302619799,-15.1676857512864,"pastagem",82892,"2015-10-01","2016-10-01"
-50.3467523139801,-15.3308067355414,"outro",137339,"2015-10-01","2016-10-01"
-51.0975271004995,-16.2342460329536,"outro",438516,"2015-10-01","2016-10-01"
-50.6729942824955,-15.3140763781819,"pastagem",131599,"2015-10-01","2016-10-01"
-51.2899262101368,-14.9397346322634,"outro",6362,"2015-10-01","2016-10-01"
-51.2564654954172,-15.0526645444399,"pastagem",44070,"2015-10-01","2016-10-01"
-51.344299871556,-15.3078024941721,"pastagem",129184,"2015-10-01","2016-10-01"
-50.9155844642121,-16.2656154530026,"pastagem",449073,"2015-10-01","2016-10-01"
-51.3317521035362,-15.3391719142211,"pastagem",139660,"2015-10-01","2016-10-01"
-51.0013275456809,-15.6507748200416,"pastagem",243820,"2015-10-01","2016-10-01"
-50.8319326774133,-15.4876538357866,"outro",189457,"2015-10-01","2016-10-01"
-51.1686311192785,-15.8222609829763,"pastagem",300976,"2015-10-01","2016-10-01"
-50.1125273109434,-15.9142779484535,"pastagem",332193,"2015-10-01","2016-10-01"
-50.5224210662576,-14.9878344096719,"pastagem",22783,"2015-10-01","2016-10-01"
-51.3317521035362,-15.6591399987213,"pastagem",246454,"2015-10-01","2016-10-01"
-50.3028351259108,-16.0857641113882,"outro",389338,"2015-10-01","2016-10-01"
-51.2271873700377,-15.1279511525576,"pastagem",69212,"2015-10-01","2016-10-01"
-50.0539710601843,-16.1004031740777,"pastagem",394343,"2015-10-01","2016-10-01"
-51.2271873700377,-14.952282400283,"pastagem",10580,"2015-10-01","2016-10-01"
-51.411221300995,-16.1798723715353,"outro",420218,"2015-10-01","2016-10-01"
-50.5370601289474,-16.2070592022445,"outro",429710,"2015-10-01","2016-10-01"
-50.5077820035678,-15.343354503561,"outro",141450,"2015-10-01","2016-10-01"
-51.135170404559,-15.7427917855187,"outro",274468,"2015-10-01","2016-10-01"
-50.4534083421486,-14.9313694535837,"pastagem",3970,"2015-10-01","2016-10-01"
-50.2024529817522,-15.3998194596493,"pastagem",160442,"2015-10-01","2016-10-01"
-50.2526440538315,-15.3015286101623,"outro",127612,"2015-10-01","2016-10-01"
-50.5412427182874,-15.9184605377933,"pastagem",333384,"2015-10-01","2016-10-01"
-50.1376228469831,-15.0652123124596,"outro",48793,"2015-10-01","2016-10-01"
-50.5266036555976,-15.3036199048322,"outro",128179,"2015-10-01","2016-10-01"
-51.2920175048067,-15.2659766007734,"outro",115249,"2015-10-01","2016-10-01"
-50.7733764266541,-16.1840549608752,"pastagem",421919,"2015-10-01","2016-10-01"
-50.3906695020495,-15.5085667824859,"outro",196648,"2015-10-01","2016-10-01"
-50.3446610193102,-15.9184605377933,"pastagem",333478,"2015-10-01","2016-10-01"
-50.7399157119346,-15.0777600804792,"outro",52693,"2015-10-01","2016-10-01"
-50.2212746337819,-15.5608491492343,"pastagem",214179,"2015-10-01","2016-10-01"
-50.4366779847889,-16.1087683527575,"outro",396952,"2015-10-01","2016-10-01"
-50.424130216769,-15.5901272746134,"outro",223854,"2015-10-01","2016-10-01"
-50.4366779847889,-15.7386091961789,"outro",273406,"2015-10-01","2016-10-01"
-51.0076014296908,-15.2764330741231,"pastagem",118875,"2015-10-01","2016-10-01"
-50.0414232921645,-15.0777600804792,"pastagem",53027,"2015-10-01","2016-10-01"
-50.8131110253835,-15.9498299578424,"outro",343724,"2015-10-01","2016-10-01"
-51.0243317870505,-15.0714861964694,"outro",50463,"2015-10-01","2016-10-01"
-50.2045442764221,-15.3935455756395,"outro",158347,"2015-10-01","2016-10-01"
-50.0999795429236,-15.2952547261525,"outro",125591,"2015-10-01","2016-10-01"
-50.2756482952011,-16.2070592022445,"pastagem",429835,"2015-10-01","2016-10-01"
-50.7503721852844,-15.3391719142211,"pastagem",139938,"2015-10-01","2016-10-01"
-50.5851599063568,-15.5545752652245,"outro",211911,"2015-10-01","2016-10-01"
-51.0891619218196,-16.2091504969144,"pastagem",430144,"2015-10-01","2016-10-01"
-51.4028561223152,-14.9480998109432,"pastagem",9100,"2015-10-01","2016-10-01"
-50.6248945050862,-15.8285348669861,"pastagem",303330,"2015-10-01","2016-10-01"
-50.2547353485014,-15.6194053999925,"pastagem",233707,"2015-10-01","2016-10-01"
-50.5266036555976,-15.4228237010186,"outro",167965,"2015-10-01","2016-10-01"
-51.3024739781566,-15.2513375380838,"outro",110358,"2015-10-01","2016-10-01"
-50.7420070066045,-15.5106580771559,"pastagem",197178,"2015-10-01","2016-10-01"
-50.9009454015223,-15.5232058451755,"pastagem",201290,"2015-10-01","2016-10-01"
-50.1522619096729,-16.1840549608752,"pastagem",422216,"2015-10-01","2016-10-01"
-51.2690132634371,-16.2426112116334,"outro",441226,"2015-10-01","2016-10-01"
-50.215000749772,-15.5650317385742,"pastagem",215578,"2015-10-01","2016-10-01"
-50.1815400350525,-15.5775795065938,"outro",219782,"2015-10-01","2016-10-01"
-50.4115824487492,-16.0355730393097,"pastagem",372534,"2015-10-01","2016-10-01"
-50.1250750789633,-16.2258808542739,"pastagem",436189,"2015-10-01","2016-10-01"
-50.0330581134846,-15.667505177401,"outro",249867,"2015-10-01","2016-10-01"
-50.3362958406303,-16.0794902273784,"pastagem",387228,"2015-10-01","2016-10-01"
-50.3488436086501,-15.5148406664957,"pastagem",198762,"2015-10-01","2016-10-01"
-50.566338254327,-15.2638853061035,"outro",114898,"2015-10-01","2016-10-01"
-50.9469538842616,-16.0125687979404,"outro",364600,"2015-10-01","2016-10-01"
-50.5914337903667,-15.3015286101623,"pastagem",127450,"2015-10-01","2016-10-01"
-51.2501916114073,-15.6528661147115,"pastagem",244399,"2015-10-01","2016-10-01"
-51.346391166226,-15.4479192370578,"pastagem",175949,"2015-10-01","2016-10-01"
-50.0895230695738,-15.9393734844927,"outro",340580,"2015-10-01","2016-10-01"
-51.344299871556,-15.8473565190155,"pastagem",309268,"2015-10-01","2016-10-01"
-50.0874317749038,-15.6486835253716,"outro",243559,"2015-10-01","2016-10-01"
-51.3631215235857,-15.6863268294305,"pastagem",255513,"2015-10-01","2016-10-01"
-51.4363168370347,-16.0502121019993,"pastagem",376930,"2015-10-01","2016-10-01"
-50.35511749266,-15.2011464660054,"pastagem",94059,"2015-10-01","2016-10-01"
-50.4889603515381,-16.1108596474274,"pastagem",397625,"2015-10-01","2016-10-01"
-50.5161471822477,-15.8201696883063,"pastagem",300590,"2015-10-01","2016-10-01"
-51.0055101350208,-15.2116029393551,"outro",97238,"2015-10-01","2016-10-01"
-51.3087478621665,-14.9836518203321,"outro",21011,"2015-10-01","2016-10-01"
-51.4363168370347,-16.1673246035157,"pastagem",416018,"2015-10-01","2016-10-01"
-51.0703402697899,-15.9811993778914,"pastagem",354071,"2015-10-01","2016-10-01"
-50.0309668188146,-16.1192248261071,"pastagem",400636,"2015-10-01","2016-10-01"
-51.3192043355163,-15.734426606839,"outro",271588,"2015-10-01","2016-10-01"
-51.3610302289158,-16.0376643339797,"outro",372778,"2015-10-01","2016-10-01"
-50.5328775396075,-15.3851803969597,"outro",155398,"2015-10-01","2016-10-01"
-51.3317521035362,-15.9017301804338,"pastagem",327422,"2015-10-01","2016-10-01"
-50.4847777621982,-15.8118045096266,"pastagem",297813,"2015-10-01","2016-10-01"
-50.35720878733,-15.0212951243909,"outro",34030,"2015-10-01","2016-10-01"
-50.8633020974628,-15.8661781710449,"outro",315780,"2015-10-01","2016-10-01"
-50.6834507558454,-16.1861462555451,"outro",422660,"2015-10-01","2016-10-01"
-51.1372616992289,-15.4541931210676,"pastagem",178143,"2015-10-01","2016-10-01"
-50.6625378091457,-15.1070382058583,"pastagem",62502,"2015-10-01","2016-10-01"
-50.215000749772,-15.017112535051,"outro",32702,"2015-10-01","2016-10-01"
-51.1435355832388,-15.6068576319729,"outro",229094,"2015-10-01","2016-10-01"
-50.566338254327,-15.2701591901133,"pastagem",116992,"2015-10-01","2016-10-01"
-50.570520843667,-15.6905094187703,"outro",257288,"2015-10-01","2016-10-01"
-50.0999795429236,-15.5483013812147,"outro",210049,"2015-10-01","2016-10-01"
-50.6311683890961,-14.9711040523125,"pastagem",17147,"2015-10-01","2016-10-01"
-50.0581536495242,-15.2283332967145,"pastagem",103275,"2015-10-01","2016-10-01"
-50.9406800002517,-15.895456296424,"outro",325515,"2015-10-01","2016-10-01"
-50.8068371413736,-15.7302440174991,"pastagem",270437,"2015-10-01","2016-10-01"
-50.003779988105,-16.3032587570615,"outro",462073,"2015-10-01","2016-10-01"
-50.3049264205807,-16.2593415689928,"pastagem",447271,"2015-10-01","2016-10-01"
-50.3174741886005,-15.1844161086459,"outro",88493,"2015-10-01","2016-10-01"
-50.6688116931556,-15.0777600804792,"pastagem",52727,"2015-10-01","2016-10-01"
-51.2334612540476,-15.5775795065938,"outro",219279,"2015-10-01","2016-10-01"
-50.7399157119346,-16.0753076380385,"outro",385639,"2015-10-01","2016-10-01"
-50.35720878733,-15.2157855286949,"pastagem",98944,"2015-10-01","2016-10-01"
-51.2690132634371,-16.2007853182346,"outro",427266,"2015-10-01","2016-10-01"
-50.4554996368186,-15.5441187918748,"pastagem",208483,"2015-10-01","2016-10-01"
-50.8904889281724,-15.4374627637081,"pastagem",172677,"2015-10-01","2016-10-01"
-50.8089284360436,-15.5733969172539,"pastagem",218086,"2015-10-01","2016-10-01"
-50.3300219566204,-15.0275690084007,"pastagem",36137,"2015-10-01","2016-10-01"
-50.8444804454331,-15.2889808421427,"pastagem",123141,"2015-10-01","2016-10-01"
-50.7942893733538,-15.9832906725613,"outro",354901,"2015-10-01","2016-10-01"
-50.990871072331,-16.2844371050321,"pastagem",455319,"2015-10-01","2016-10-01"
-50.2233659284519,-15.2952547261525,"outro",125532,"2015-10-01","2016-10-01"
-50.6918159345252,-14.9920169990118,"pastagem",24098,"2015-10-01","2016-10-01"
-50.1689922670326,-15.3851803969597,"pastagem",155572,"2015-10-01","2016-10-01"
-50.1857226243924,-15.5671230332441,"outro",216290,"2015-10-01","2016-10-01"
-50.6123467370664,-15.8849998230744,"pastagem",322182,"2015-10-01","2016-10-01"
-50.3091090099207,-15.0380254817504,"pastagem",39637,"2015-10-01","2016-10-01"
-50.4115824487492,-14.9397346322634,"pastagem",6782,"2015-10-01","2016-10-01"
-50.35720878733,-15.3391719142211,"outro",140126,"2015-10-01","2016-10-01"
-51.3652128182557,-15.3789065129499,"pastagem",152906,"2015-10-01","2016-10-01"
-50.8089284360436,-16.092037995398,"pastagem",391190,"2015-10-01","2016-10-01"
-51.3798518809455,-16.125498710117,"pastagem",402085,"2015-10-01","2016-10-01"
-50.7399157119346,-15.3998194596493,"outro",160185,"2015-10-01","2016-10-01"
-50.0309668188146,-14.9773779363223,"pastagem",19528,"2015-10-01","2016-10-01"
-50.9406800002517,-16.2154243809242,"pastagem",432309,"2015-10-01","2016-10-01"
-51.0703402697899,-16.2426112116334,"outro",441321,"2015-10-01","2016-10-01"
-50.5307862449375,-15.9916558512411,"outro",357819,"2015-10-01","2016-10-01"
-50.6918159345252,-16.0481208073293,"pastagem",376588,"2015-10-01","2016-10-01"
-50.2359136964717,-15.2304245913845,"outro",103888,"2015-10-01","2016-10-01"
-50.3425697246402,-15.8034393309469,"pastagem",295089,"2015-10-01","2016-10-01"
-50.781741605334,-16.1631420141758,"pastagem",414935,"2015-10-01","2016-10-01"
-51.2836523261269,-15.8431739296756,"pastagem",307901,"2015-10-01","2016-10-01"
-51.06406638578,-15.3496283875708,"pastagem",143278,"2015-10-01","2016-10-01"
-50.6186206210763,-15.1070382058583,"outro",62523,"2015-10-01","2016-10-01"
-51.206274423338,-16.0376643339797,"pastagem",372852,"2015-10-01","2016-10-01"
-51.2376438433875,-15.6612312933912,"pastagem",247197,"2015-10-01","2016-10-01"
-50.2819221792111,-15.732335312169,"outro",271386,"2015-10-01","2016-10-01"
-51.0996183951695,-15.4855625411166,"outro",188631,"2015-10-01","2016-10-01"
-50.6813594611754,-15.3726326289401,"outro",151139,"2015-10-01","2016-10-01"
-51.0891619218196,-15.0756687858092,"outro",51828,"2015-10-01","2016-10-01"
-50.5872512010267,-16.253067684983,"outro",445042,"2015-10-01","2016-10-01"
-50.35720878733,-15.7908915629272,"pastagem",290894,"2015-10-01","2016-10-01"
-50.5935250850366,-15.7427917855187,"pastagem",274727,"2015-10-01","2016-10-01"
-51.4342255423647,-15.5545752652245,"pastagem",211505,"2015-10-01","2016-10-01"
-50.074884006884,-15.0923991431687,"outro",57897,"2015-10-01","2016-10-01"
-51.3861257649554,-15.2597027167636,"outro",113110,"2015-10-01","2016-10-01"
-51.4195864796749,-15.3036199048322,"pastagem",127752,"2015-10-01","2016-10-01"
-50.5433340129573,-15.0631210177896,"pastagem",47901,"2015-10-01","2016-10-01"
-50.9051279908622,-15.9268257164731,"pastagem",336002,"2015-10-01","2016-10-01"
-50.6709029878255,-15.7365179015089,"pastagem",272596,"2015-10-01","2016-10-01"
-51.273195852777,-14.9711040523125,"outro",16840,"2015-10-01","2016-10-01"
-50.4659561101684,-16.188237550215,"pastagem",423462,"2015-10-01","2016-10-01"
-51.0473360284202,-15.3015286101623,"outro",127232,"2015-10-01","2016-10-01"
-50.4032172700693,-15.9059127697737,"outro",329262,"2015-10-01","2016-10-01"
-50.8904889281724,-14.9230042749039,"outro",969,"2015-10-01","2016-10-01"
-51.2627393794272,-15.148864099257,"pastagem",76175,"2015-10-01","2016-10-01"
-51.3903083542953,-16.1735984875255,"outro",418134,"2015-10-01","2016-10-01"
-50.6269857997562,-15.8055306256168,"pastagem",295651,"2015-10-01","2016-10-01"
-50.0351494081546,-15.1655944566165,"pastagem",82346,"2015-10-01","2016-10-01"
-50.5537904863072,-16.1547768354961,"outro",412252,"2015-10-01","2016-10-01"
-51.1079835738493,-15.4186411116787,"pastagem",166291,"2015-10-01","2016-10-01"
-50.6458074517859,-15.2032377606753,"outro",94618,"2015-10-01","2016-10-01"
-50.3823043233696,-15.1781422246361,"pastagem",86368,"2015-10-01","2016-10-01"
-50.0895230695738,-15.7929828575972,"pastagem",291720,"2015-10-01","2016-10-01"
-51.4404994263746,-15.7971654469371,"pastagem",292470,"2015-10-01","2016-10-01"
-51.0347882604004,-16.1840549608752,"outro",421794,"2015-10-01","2016-10-01"
-50.7378244172646,-15.2304245913845,"outro",103648,"2015-10-01","2016-10-01"
-50.3049264205807,-15.4290975850284,"pastagem",170165,"2015-10-01","2016-10-01"
-50.2421875804816,-15.799256741607,"outro",293741,"2015-10-01","2016-10-01"
-50.7315505332547,-15.2701591901133,"outro",116913,"2015-10-01","2016-10-01"
-50.3781217340297,-15.7741612055678,"outro",285300,"2015-10-01","2016-10-01"
-50.1940878030723,-15.0944904378387,"outro",58538,"2015-10-01","2016-10-01"
-51.2146396020178,-15.311985083512,"pastagem",130642,"2015-10-01","2016-10-01"
-50.0999795429236,-15.0673036071295,"outro",49509,"2015-10-01","2016-10-01"
-50.6855420505153,-15.8369000456658,"pastagem",306093,"2015-10-01","2016-10-01"
-50.35511749266,-15.3161676728518,"pastagem",132449,"2015-10-01","2016-10-01"
-50.9971449563409,-15.1990551713354,"pastagem",93054,"2015-10-01","2016-10-01"
-50.9866884829911,-14.9794692309922,"outro",19769,"2015-10-01","2016-10-01"
-50.6562639251357,-15.7720699108978,"pastagem",284469,"2015-10-01","2016-10-01"
-50.4554996368186,-16.123407415447,"outro",401829,"2015-10-01","2016-10-01"
-50.9364974109118,-16.2635241583327,"pastagem",448365,"2015-10-01","2016-10-01"
-51.3024739781566,-15.0693949017994,"outro",49632,"2015-10-01","2016-10-01"
-51.4509558997245,-15.4604670050774,"outro",180087,"2015-10-01","2016-10-01"
-51.06406638578,-15.1425902152472,"outro",74176,"2015-10-01","2016-10-01"
-50.2338224018017,-15.2555201274237,"outro",112265,"2015-10-01","2016-10-01"
-51.4028561223152,-15.669596472071,"pastagem",249910,"2015-10-01","2016-10-01"
-51.2397351380575,-15.5838533906036,"outro",221370,"2015-10-01","2016-10-01"
-51.0013275456809,-16.0669424593588,"outro",382722,"2015-10-01","2016-10-01"
-51.0577925017701,-16.1443203621464,"outro",408521,"2015-10-01","2016-10-01"
-50.3697565553498,-15.4332801743682,"outro",171530,"2015-10-01","2016-10-01"
-50.35511749266,-15.5754882119239,"pastagem",219001,"2015-10-01","2016-10-01"
-50.1208924896233,-15.1509553939269,"outro",77419,"2015-10-01","2016-10-01"
-50.9845971883211,-15.4541931210676,"outro",178216,"2015-10-01","2016-10-01"
-51.0766141537998,-15.9749254938816,"outro",351974,"2015-10-01","2016-10-01"
-50.2651918218513,-16.221698264934,"pastagem",434726,"2015-10-01","2016-10-01"
-50.9323148215718,-15.2095116446851,"outro",96575,"2015-10-01","2016-10-01"
-50.7357331225946,-15.2074203500152,"pastagem",95971,"2015-10-01","2016-10-01"
-50.2798308845411,-16.286528399702,"pastagem",456357,"2015-10-01","2016-10-01"
-50.0246929348047,-16.2948935783817,"pastagem",459271,"2015-10-01","2016-10-01"
-50.2380049911417,-14.952282400283,"outro",11053,"2015-10-01","2016-10-01"
-50.6458074517859,-16.1317725941268,"outro",404530,"2015-10-01","2016-10-01"
-51.3965822383052,-15.962377725862,"outro",347633,"2015-10-01","2016-10-01"
-50.7942893733538,-16.0564859860091,"pastagem",379331,"2015-10-01","2016-10-01"
-51.0724315644598,-15.3914542809695,"pastagem",157234,"2015-10-01","2016-10-01"
-50.5872512010267,-15.7720699108978,"pastagem",284502,"2015-10-01","2016-10-01"
-50.6269857997562,-14.9669214629726,"pastagem",15753,"2015-10-01","2016-10-01"
-50.9657755362914,-16.2509763903131,"pastagem",444163,"2015-10-01","2016-10-01"
-51.2857436207968,-15.5587578545644,"outro",212972,"2015-10-01","2016-10-01"
-50.1334402576432,-15.6298618733422,"outro",237255,"2015-10-01","2016-10-01"
-50.8298413827433,-15.9330996004829,"outro",338132,"2015-10-01","2016-10-01"
-51.1853614766382,-15.8473565190155,"pastagem",309344,"2015-10-01","2016-10-01"
-51.0996183951695,-15.019203829721,"pastagem",32977,"2015-10-01","2016-10-01"
-51.0117840190307,-15.4353714690382,"pastagem",171921,"2015-10-01","2016-10-01"
-51.2083657180079,-15.0359341870805,"outro",38509,"2015-10-01","2016-10-01"
-50.003779988105,-15.9707429045417,"pastagem",351091,"2015-10-01","2016-10-01"
-50.8946715175124,-16.1192248261071,"pastagem",400223,"2015-10-01","2016-10-01"
-51.3171130408464,-15.1384076259073,"outro",72659,"2015-10-01","2016-10-01"
-50.4617735208285,-15.4228237010186,"pastagem",167996,"2015-10-01","2016-10-01"
-50.4199476274291,-15.832717456326,"pastagem",304824,"2015-10-01","2016-10-01"
-50.4847777621982,-15.8599042870351,"pastagem",313867,"2015-10-01","2016-10-01"
-50.1313489629732,-16.0083862086006,"outro",363594,"2015-10-01","2016-10-01"
-50.3613913766699,-15.9979297352509,"pastagem",359994,"2015-10-01","2016-10-01"
-50.9427712949217,-15.8264435723162,"pastagem",302480,"2015-10-01","2016-10-01"
-50.0999795429236,-15.0129299457112,"outro",31361,"2015-10-01","2016-10-01"
-51.0285143763905,-15.6152228106527,"outro",231941,"2015-10-01","2016-10-01"
-50.1062534269335,-16.0167513872803,"outro",366398,"2015-10-01","2016-10-01"
-51.0285143763905,-15.6863268294305,"outro",255673,"2015-10-01","2016-10-01"
-50.781741605334,-15.2283332967145,"pastagem",102929,"2015-10-01","2016-10-01"
-50.6541726304658,-15.4144585223388,"outro",165112,"2015-10-01","2016-10-01"
-51.2522829060773,-15.7950741522671,"outro",291862,"2015-10-01","2016-10-01"
-50.5077820035678,-14.9313694535837,"pastagem",3944,"2015-10-01","2016-10-01"
-51.3735779969356,-14.9397346322634,"outro",6322,"2015-10-01","2016-10-01"
-50.2191833391119,-15.2366984753943,"outro",105990,"2015-10-01","2016-10-01"
-50.1083447216035,-15.3579935662506,"pastagem",146527,"2015-10-01","2016-10-01"
-51.2648306740971,-16.2948935783817,"outro",458678,"2015-10-01","2016-10-01"
-50.6688116931556,-15.4290975850284,"outro",169991,"2015-10-01","2016-10-01"
-50.8758498654826,-14.9480998109432,"outro",9352,"2015-10-01","2016-10-01"
-50.2024529817522,-15.2283332967145,"outro",103206,"2015-10-01","2016-10-01"
-51.3735779969356,-15.7867089735874,"outro",289012,"2015-10-01","2016-10-01"
-51.4049474169851,-14.9480998109432,"pastagem",9099,"2015-10-01","2016-10-01"
-51.3631215235857,-14.9731953469824,"pastagem",17495,"2015-10-01","2016-10-01"
-51.3129304515064,-15.1404989205772,"outro",73359,"2015-10-01","2016-10-01"
-50.003779988105,-15.4604670050774,"pastagem",180779,"2015-10-01","2016-10-01"
-50.9741407149712,-15.1195859738779,"outro",66541,"2015-10-01","2016-10-01"
-50.8925802228424,-15.3015286101623,"pastagem",127306,"2015-10-01","2016-10-01"
-50.9678668309613,-16.1631420141758,"pastagem",414846,"2015-10-01","2016-10-01"
-51.4488646050545,-15.2806156634629,"pastagem",120060,"2015-10-01","2016-10-01"
-51.4195864796749,-15.4960190144663,"outro",191968,"2015-10-01","2016-10-01"
-50.4826864675282,-15.3057111995022,"pastagem",128898,"2015-10-01","2016-10-01"
-50.7169114705649,-15.117494679208,"outro",65966,"2015-10-01","2016-10-01"
-50.570520843667,-15.1655944566165,"pastagem",82090,"2015-10-01","2016-10-01"
-50.570520843667,-15.9100953591136,"outro",330578,"2015-10-01","2016-10-01"
-51.1017096898394,-15.7511569641985,"pastagem",277276,"2015-10-01","2016-10-01"
-51.4049474169851,-15.9791080832215,"outro",353213,"2015-10-01","2016-10-01"
-51.4384081317047,-15.4437366477179,"pastagem",174509,"2015-10-01","2016-10-01"
-50.6081641477264,-15.9770167885515,"outro",352896,"2015-10-01","2016-10-01"
-51.1665398246085,-16.2844371050321,"outro",455235,"2015-10-01","2016-10-01"
-50.1627183830227,-15.5085667824859,"pastagem",196757,"2015-10-01","2016-10-01"
-51.0787054484698,-16.1840549608752,"pastagem",421773,"2015-10-01","2016-10-01"
-50.2024529817522,-15.5085667824859,"pastagem",196738,"2015-10-01","2016-10-01"
-50.4136737434192,-16.156868130166,"pastagem",413017,"2015-10-01","2016-10-01"
-50.8988541068523,-16.0753076380385,"outro",385563,"2015-10-01","2016-10-01"
-50.2024529817522,-16.1192248261071,"outro",400554,"2015-10-01","2016-10-01"
-50.9804145989811,-16.156868130166,"pastagem",412746,"2015-10-01","2016-10-01"
-51.4300429530248,-15.8013480362769,"pastagem",293871,"2015-10-01","2016-10-01"
-50.8214762040634,-15.6507748200416,"pastagem",243906,"2015-10-01","2016-10-01"
-50.5600643703171,-15.3161676728518,"pastagem",132351,"2015-10-01","2016-10-01"
-50.639533567776,-15.3224415568617,"pastagem",134407,"2015-10-01","2016-10-01"
-50.0246929348047,-15.506475487816,"pastagem",196125,"2015-10-01","2016-10-01"
-50.5098732982378,-16.2635241583327,"outro",448569,"2015-10-01","2016-10-01"
-51.1916353606482,-14.9501911056131,"pastagem",9899,"2015-10-01","2016-10-01"
-50.2651918218513,-15.9749254938816,"pastagem",352362,"2015-10-01","2016-10-01"
-50.0414232921645,-15.081942669819,"pastagem",54423,"2015-10-01","2016-10-01"
-50.5035994142279,-15.3559022715806,"outro",145640,"2015-10-01","2016-10-01"
-50.9511364736016,-15.9895645565711,"outro",356920,"2015-10-01","2016-10-01"
-50.3362958406303,-15.1906899926557,"pastagem",90578,"2015-10-01","2016-10-01"
-50.6918159345252,-14.9794692309922,"outro",19910,"2015-10-01","2016-10-01"
-50.3279306619504,-15.6758703560808,"pastagem",252518,"2015-10-01","2016-10-01"
-50.5412427182874,-15.9958384405809,"outro",359210,"2015-10-01","2016-10-01"
-51.0076014296908,-15.3809978076199,"outro",153775,"2015-10-01","2016-10-01"
-50.1208924896233,-15.4541931210676,"outro",178629,"2015-10-01","2016-10-01"
-50.0393319974945,-16.1945114342248,"pastagem",425760,"2015-10-01","2016-10-01"
-51.3631215235857,-15.1865074033158,"pastagem",88691,"2015-10-01","2016-10-01"
-50.8883976335025,-15.1927812873256,"outro",91012,"2015-10-01","2016-10-01"
-50.8549369187829,-16.1192248261071,"pastagem",400242,"2015-10-01","2016-10-01"
-50.0895230695738,-15.1760509299662,"outro",85810,"2015-10-01","2016-10-01"
-50.0351494081546,-15.2241507073747,"pastagem",101890,"2015-10-01","2016-10-01"
-50.6123467370664,-16.1485029514863,"pastagem",410130,"2015-10-01","2016-10-01"
-50.1397141416531,-16.2823458103621,"pastagem",455028,"2015-10-01","2016-10-01"
-50.1669009723627,-15.8578129923652,"pastagem",313321,"2015-10-01","2016-10-01"
-50.9532277682715,-15.1739596352962,"pastagem",84699,"2015-10-01","2016-10-01"
-50.35511749266,-15.8201696883063,"outro",300667,"2015-10-01","2016-10-01"
-50.8340239720832,-16.0334817446398,"pastagem",371634,"2015-10-01","2016-10-01"
-50.4805951728582,-14.9648301683027,"outro",15125,"2015-10-01","2016-10-01"
-50.0581536495242,-15.8933650017541,"outro",325239,"2015-10-01","2016-10-01"
-50.6709029878255,-15.6967833027801,"pastagem",259334,"2015-10-01","2016-10-01"
-50.919767053552,-15.8201696883063,"pastagem",300397,"2015-10-01","2016-10-01"
-50.3404784299702,-16.0878554060581,"outro",390018,"2015-10-01","2016-10-01"
-50.0811578908939,-15.0777600804792,"outro",53008,"2015-10-01","2016-10-01"
-50.7378244172646,-16.3053500517314,"pastagem",462420,"2015-10-01","2016-10-01"
-50.5747034330069,-16.2279721489438,"outro",436672,"2015-10-01","2016-10-01"
-50.1982703924122,-15.9142779484535,"outro",332152,"2015-10-01","2016-10-01"
-51.3986735329752,-16.2760719263523,"pastagem",452332,"2015-10-01","2016-10-01"
-50.2087268657621,-16.2739806316824,"pastagem",452203,"2015-10-01","2016-10-01"
-50.8674846868028,-15.9707429045417,"pastagem",350678,"2015-10-01","2016-10-01"
-50.0957969535837,-15.9059127697737,"outro",329409,"2015-10-01","2016-10-01"
-50.6081641477264,-15.6507748200416,"pastagem",244008,"2015-10-01","2016-10-01"
-51.2543742007473,-15.6842355347605,"pastagem",254867,"2015-10-01","2016-10-01"
-50.5726121383369,-15.0442993657602,"pastagem",41605,"2015-10-01","2016-10-01"
-51.2920175048067,-14.985743115002,"pastagem",21717,"2015-10-01","2016-10-01"
-51.3861257649554,-15.6863268294305,"outro",255502,"2015-10-01","2016-10-01"
-51.4551384890644,-15.732335312169,"pastagem",270825,"2015-10-01","2016-10-01"
-50.850754329443,-15.6863268294305,"pastagem",255758,"2015-10-01","2016-10-01"
-50.4408605741288,-14.9794692309922,"pastagem",20030,"2015-10-01","2016-10-01"
-50.5035994142279,-15.2868895474727,"pastagem",122606,"2015-10-01","2016-10-01"
-50.1522619096729,-15.4437366477179,"pastagem",175124,"2015-10-01","2016-10-01"
-50.9072192855322,-15.2283332967145,"outro",102869,"2015-10-01","2016-10-01"
-50.9448625895917,-15.3684500396002,"outro",149617,"2015-10-01","2016-10-01"
-51.2920175048067,-15.0568471337798,"pastagem",45449,"2015-10-01","2016-10-01"
-50.5286949502676,-15.5838533906036,"pastagem",221710,"2015-10-01","2016-10-01"
-51.3735779969356,-15.4855625411166,"outro",188500,"2015-10-01","2016-10-01"
-50.5977076743766,-15.9080040644436,"pastagem",329867,"2015-10-01","2016-10-01"
-50.570520843667,-15.1885986979858,"pastagem",89768,"2015-10-01","2016-10-01"
-50.1731748563726,-15.0735774911393,"outro",51568,"2015-10-01","2016-10-01"
-50.7315505332547,-15.2157855286949,"pastagem",98765,"2015-10-01","2016-10-01"
-51.1017096898394,-15.0965817325086,"pastagem",58802,"2015-10-01","2016-10-01"
-50.3467523139801,-15.3224415568617,"pastagem",134547,"2015-10-01","2016-10-01"
-50.4053085647393,-15.8682694657149,"outro",316697,"2015-10-01","2016-10-01"
-50.9490451789316,-16.2823458103621,"pastagem",454641,"2015-10-01","2016-10-01"
-51.1414442885689,-15.1425902152472,"outro",74139,"2015-10-01","2016-10-01"
-50.8319326774133,-15.0066560617014,"pastagem",28917,"2015-10-01","2016-10-01"
-50.3446610193102,-15.0150212403811,"pastagem",31942,"2015-10-01","2016-10-01"
-50.2568266431714,-15.4876538357866,"outro",189732,"2015-10-01","2016-10-01"
-50.0853404802338,-15.9456473685025,"outro",342676,"2015-10-01","2016-10-01"
-50.635350978436,-15.7427917855187,"outro",274707,"2015-10-01","2016-10-01"
-50.8340239720832,-15.895456296424,"pastagem",325566,"2015-10-01","2016-10-01"
-51.1539920565887,-15.37472392361,"outro",151611,"2015-10-01","2016-10-01"
-50.9093105802022,-15.3015286101623,"outro",127298,"2015-10-01","2016-10-01"
-50.2003616870822,-15.115403384538,"outro",65515,"2015-10-01","2016-10-01"
-50.9448625895917,-15.8891824124142,"outro",323419,"2015-10-01","2016-10-01"
-50.6186206210763,-15.9100953591136,"pastagem",330555,"2015-10-01","2016-10-01"
-51.0870706271496,-16.0292991552999,"outro",370117,"2015-10-01","2016-10-01"
-51.2188221913578,-15.4521018263977,"pastagem",177406,"2015-10-01","2016-10-01"
-50.4764125835183,-16.0502121019993,"outro",377389,"2015-10-01","2016-10-01"
-51.3547563449058,-15.5420274972049,"pastagem",207355,"2015-10-01","2016-10-01"
-50.2672831165213,-15.7888002682573,"pastagem",290239,"2015-10-01","2016-10-01"
-51.0766141537998,-15.6486835253716,"pastagem",243086,"2015-10-01","2016-10-01"
-50.635350978436,-15.9686516098718,"outro",350091,"2015-10-01","2016-10-01"
-51.0494273230902,-16.2677067476726,"outro",449707,"2015-10-01","2016-10-01"
-51.1100748685193,-15.9247344218031,"pastagem",335206,"2015-10-01","2016-10-01"
-50.7210940599048,-15.3956368703094,"pastagem",158798,"2015-10-01","2016-10-01"
-51.2585567900872,-15.4270062903584,"pastagem",169011,"2015-10-01","2016-10-01"
-50.8131110253835,-15.7574308482083,"pastagem",279508,"2015-10-01","2016-10-01"
-50.5956163797066,-15.9268257164731,"pastagem",336150,"2015-10-01","2016-10-01"
-50.7566460692943,-16.0042036192607,"pastagem",361899,"2015-10-01","2016-10-01"
-50.9720494203013,-15.1007643218485,"outro",60260,"2015-10-01","2016-10-01"
-50.3153828939306,-15.7888002682573,"pastagem",290216,"2015-10-01","2016-10-01"
-50.3509349033201,-15.6382270520219,"outro",239943,"2015-10-01","2016-10-01"
-50.3948520913895,-16.0899467007281,"outro",390690,"2015-10-01","2016-10-01"
-50.990871072331,-15.0986730271785,"outro",59553,"2015-10-01","2016-10-01"
-50.0393319974945,-15.537844907865,"pastagem",206588,"2015-10-01","2016-10-01"
-50.5098732982378,-16.255158979653,"pastagem",445777,"2015-10-01","2016-10-01"
-50.4408605741288,-16.0355730393097,"pastagem",372520,"2015-10-01","2016-10-01"
-50.8653933921328,-15.1551379832668,"pastagem",78459,"2015-10-01","2016-10-01"
-50.4073998594093,-16.1338638887967,"outro",405342,"2015-10-01","2016-10-01"
-51.130987815219,-16.1756897821954,"outro",418956,"2015-10-01","2016-10-01"
-50.7043637025451,-15.4834712464467,"outro",188122,"2015-10-01","2016-10-01"
-50.8904889281724,-15.8745433497247,"outro",318559,"2015-10-01","2016-10-01"
-51.3923996489653,-15.3370806195512,"pastagem",138933,"2015-10-01","2016-10-01"
-50.7503721852844,-15.0923991431687,"pastagem",57574,"2015-10-01","2016-10-01"
-51.1393529938989,-16.2091504969144,"outro",430120,"2015-10-01","2016-10-01"
-51.3108391568365,-15.8766346443946,"outro",319056,"2015-10-01","2016-10-01"
-50.3697565553498,-15.4709234784271,"outro",184094,"2015-10-01","2016-10-01"
-50.9720494203013,-15.7574308482083,"pastagem",279432,"2015-10-01","2016-10-01"
-50.1083447216035,-15.6946920081102,"outro",258905,"2015-10-01","2016-10-01"
-50.428312806109,-15.081942669819,"pastagem",54238,"2015-10-01","2016-10-01"
-50.8047458467036,-16.060668575349,"pastagem",380722,"2015-10-01","2016-10-01"
-50.4345866901189,-15.1551379832668,"pastagem",78665,"2015-10-01","2016-10-01"
-50.215000749772,-16.2886196943719,"outro",457086,"2015-10-01","2016-10-01"
-50.0372407028245,-15.0756687858092,"outro",52331,"2015-10-01","2016-10-01"
-50.6646291038156,-15.3956368703094,"pastagem",158825,"2015-10-01","2016-10-01"
-50.0978882482537,-15.1593205726067,"outro",80222,"2015-10-01","2016-10-01"
-51.0264230817205,-15.017112535051,"outro",32314,"2015-10-01","2016-10-01"
-51.1079835738493,-15.5085667824859,"pastagem",196305,"2015-10-01","2016-10-01"
-51.2501916114073,-15.2346071807244,"pastagem",104799,"2015-10-01","2016-10-01"
-50.1062534269335,-15.4249149956885,"pastagem",168864,"2015-10-01","2016-10-01"
-50.6437161571159,-15.8264435723162,"pastagem",302623,"2015-10-01","2016-10-01"
-51.3986735329752,-15.3872716916297,"pastagem",155682,"2015-10-01","2016-10-01"
-50.1334402576432,-15.6716877667409,"outro",251215,"2015-10-01","2016-10-01"
-50.3132915992606,-15.9059127697737,"pastagem",329305,"2015-10-01","2016-10-01"
-51.4300429530248,-16.0857641113882,"outro",388799,"2015-10-01","2016-10-01"
-50.4492257528087,-15.2325158860544,"outro",104484,"2015-10-01","2016-10-01"
-50.0602449441942,-15.1593205726067,"outro",80240,"2015-10-01","2016-10-01"
-50.0435145868344,-15.019203829721,"outro",33482,"2015-10-01","2016-10-01"
-50.070701417544,-15.8808172337345,"outro",321045,"2015-10-01","2016-10-01"
-50.7231853545748,-15.1258598578877,"outro",68755,"2015-10-01","2016-10-01"
-50.9636842416214,-15.732335312169,"pastagem",271060,"2015-10-01","2016-10-01"
-50.3258393672804,-15.960286431192,"pastagem",347447,"2015-10-01","2016-10-01"
-51.4049474169851,-15.2847982528028,"pastagem",121477,"2015-10-01","2016-10-01"
-51.4551384890644,-15.3956368703094,"outro",158447,"2015-10-01","2016-10-01"
-50.6520813357958,-15.2827069581329,"pastagem",121139,"2015-10-01","2016-10-01"
-50.3655739660099,-15.4207324063486,"outro",167344,"2015-10-01","2016-10-01"
-50.8904889281724,-15.7867089735874,"pastagem",289243,"2015-10-01","2016-10-01"
-50.1208924896233,-16.1777810768654,"outro",420137,"2015-10-01","2016-10-01"
-51.3171130408464,-15.4332801743682,"pastagem",171077,"2015-10-01","2016-10-01"
-50.5203297715877,-15.7720699108978,"outro",284534,"2015-10-01","2016-10-01"
-50.4889603515381,-15.1593205726067,"pastagem",80035,"2015-10-01","2016-10-01"
-50.0476971761744,-15.3140763781819,"pastagem",131898,"2015-10-01","2016-10-01"
-51.0996183951695,-16.2990761677216,"outro",460153,"2015-10-01","2016-10-01"
-50.3007438312408,-15.799256741607,"pastagem",293713,"2015-10-01","2016-10-01"
-50.070701417544,-16.1192248261071,"pastagem",400617,"2015-10-01","2016-10-01"
-50.359300082,-15.081942669819,"outro",54271,"2015-10-01","2016-10-01"
-50.6437161571159,-16.1464116568163,"outro",409417,"2015-10-01","2016-10-01"
-51.1058922791794,-15.278524368793,"outro",119526,"2015-10-01","2016-10-01"
-50.0539710601843,-15.3893629862996,"pastagem",157023,"2015-10-01","2016-10-01"
-50.076975301554,-15.1425902152472,"outro",74648,"2015-10-01","2016-10-01"
-50.4701386995084,-16.1380464781366,"outro",406708,"2015-10-01","2016-10-01"
-50.6813594611754,-16.0397556286496,"pastagem",373801,"2015-10-01","2016-10-01"
-50.7022724078751,-15.7427917855187,"pastagem",274675,"2015-10-01","2016-10-01"
-51.3296608088662,-16.255158979653,"pastagem",445385,"2015-10-01","2016-10-01"
-50.4722299941784,-15.2492462434139,"outro",110057,"2015-10-01","2016-10-01"
-50.8256587934033,-15.0610297231197,"pastagem",47068,"2015-10-01","2016-10-01"
-50.3216567779405,-15.0944904378387,"outro",58477,"2015-10-01","2016-10-01"
-50.6290770944261,-16.1694158981856,"pastagem",417102,"2015-10-01","2016-10-01"
-51.3045652728266,-15.5733969172539,"outro",217849,"2015-10-01","2016-10-01"
-50.3174741886005,-15.0903078484988,"outro",57083,"2015-10-01","2016-10-01"
-51.2271873700377,-15.4479192370578,"pastagem",176006,"2015-10-01","2016-10-01"
-50.852845624113,-15.799256741607,"pastagem",293449,"2015-10-01","2016-10-01"
-50.9699581256313,-15.5608491492343,"pastagem",213821,"2015-10-01","2016-10-01"
-50.8382065614232,-14.920912980234,"pastagem",296,"2015-10-01","2016-10-01"
-50.8883976335025,-15.6988745974501,"pastagem",259928,"2015-10-01","2016-10-01"
-50.9385887055817,-15.5169319611657,"pastagem",199178,"2015-10-01","2016-10-01"
-50.846571740103,-14.952282400283,"pastagem",10762,"2015-10-01","2016-10-01"
-51.1038009845094,-15.9811993778914,"outro",354055,"2015-10-01","2016-10-01"
-51.0682489751199,-15.2555201274237,"outro",111866,"2015-10-01","2016-10-01"
-50.3739391446897,-15.5483013812147,"pastagem",209918,"2015-10-01","2016-10-01"
-50.3153828939306,-15.0568471337798,"pastagem",45916,"2015-10-01","2016-10-01"
-50.8570282134529,-15.8076219202867,"pastagem",296239,"2015-10-01","2016-10-01"
-51.4488646050545,-16.1861462555451,"pastagem",422294,"2015-10-01","2016-10-01"
-50.0079625774449,-15.5964011586232,"pastagem",226147,"2015-10-01","2016-10-01"
-50.1669009723627,-16.0167513872803,"pastagem",366369,"2015-10-01","2016-10-01"
-51.0013275456809,-15.0338428924105,"outro",37910,"2015-10-01","2016-10-01"
-51.1142574578593,-15.2597027167636,"pastagem",113240,"2015-10-01","2016-10-01"
-50.3342045459603,-15.0777600804792,"outro",52887,"2015-10-01","2016-10-01"
-50.6081641477264,-16.1966027288948,"outro",426186,"2015-10-01","2016-10-01"
-50.7231853545748,-15.732335312169,"outro",271175,"2015-10-01","2016-10-01"
-50.3676652606798,-15.6194053999925,"pastagem",233653,"2015-10-01","2016-10-01"
-50.8821237494925,-15.9351908951528,"pastagem",338805,"2015-10-01","2016-10-01"
-50.4722299941784,-15.3245328515316,"pastagem",135185,"2015-10-01","2016-10-01"
-50.0560623548543,-16.1694158981856,"pastagem",417376,"2015-10-01","2016-10-01"
-50.6897246398553,-15.0442993657602,"pastagem",41549,"2015-10-01","2016-10-01"
-50.3404784299702,-15.1718683406263,"pastagem",84294,"2015-10-01","2016-10-01"
-51.3840344702854,-16.0732163433686,"outro",384633,"2015-10-01","2016-10-01"
-50.5475166022973,-15.343354503561,"pastagem",141431,"2015-10-01","2016-10-01"
-50.0100538721149,-15.6152228106527,"outro",232428,"2015-10-01","2016-10-01"
-50.8089284360436,-15.5420274972049,"outro",207616,"2015-10-01","2016-10-01"
-50.9323148215718,-15.8076219202867,"pastagem",296203,"2015-10-01","2016-10-01"
-50.3342045459603,-15.5817620959337,"outro",221105,"2015-10-01","2016-10-01"
-50.8821237494925,-15.7260614281592,"pastagem",269005,"2015-10-01","2016-10-01"
-50.6039815583865,-15.2555201274237,"outro",112088,"2015-10-01","2016-10-01"
-50.848663034773,-15.3266241462015,"outro",135703,"2015-10-01","2016-10-01"
-50.3718478500198,-16.1213161207771,"outro",401171,"2015-10-01","2016-10-01"
-50.0476971761744,-14.9230042749039,"outro",1372,"2015-10-01","2016-10-01"
-50.3467523139801,-16.0230252712901,"pastagem",368377,"2015-10-01","2016-10-01"
-50.4638648154985,-15.7762525002377,"outro",285957,"2015-10-01","2016-10-01"
-50.499416824888,-15.5817620959337,"outro",221026,"2015-10-01","2016-10-01"
-50.7691938373141,-15.0610297231197,"pastagem",47095,"2015-10-01","2016-10-01"
-50.4805951728582,-16.190328844885,"pastagem",424153,"2015-10-01","2016-10-01"
-50.3279306619504,-15.9874732619012,"outro",356520,"2015-10-01","2016-10-01"
-50.2233659284519,-14.9794692309922,"pastagem",20134,"2015-10-01","2016-10-01"
-51.0494273230902,-15.4437366477179,"pastagem",174695,"2015-10-01","2016-10-01"
-51.4404994263746,-15.1676857512864,"outro",82372,"2015-10-01","2016-10-01"
-50.7587373639643,-15.2429723594041,"pastagem",107826,"2015-10-01","2016-10-01"
-50.3467523139801,-15.8076219202867,"pastagem",296483,"2015-10-01","2016-10-01"
-51.3171130408464,-16.1045857634176,"outro",395135,"2015-10-01","2016-10-01"
-51.4488646050545,-15.0212951243909,"outro",33508,"2015-10-01","2016-10-01"
-51.1811788872983,-15.2241507073747,"pastagem",101342,"2015-10-01","2016-10-01"
-50.8047458467036,-15.0610297231197,"pastagem",47078,"2015-10-01","2016-10-01"
-50.6123467370664,-15.1530466885969,"outro",77882,"2015-10-01","2016-10-01"
-50.2568266431714,-16.0753076380385,"outro",385870,"2015-10-01","2016-10-01"
-50.0330581134846,-15.9874732619012,"pastagem",356661,"2015-10-01","2016-10-01"
-50.8298413827433,-16.2342460329536,"pastagem",438644,"2015-10-01","2016-10-01"
-51.0828880378097,-15.3182589675218,"outro",132799,"2015-10-01","2016-10-01"
-50.6959985238652,-16.2969848730517,"outro",459648,"2015-10-01","2016-10-01"
-50.6228032104162,-15.7365179015089,"pastagem",272619,"2015-10-01","2016-10-01"
-50.6918159345252,-15.2555201274237,"outro",112046,"2015-10-01","2016-10-01"
-50.1313489629732,-15.2366984753943,"outro",106032,"2015-10-01","2016-10-01"
-51.130987815219,-14.9878344096719,"outro",22492,"2015-10-01","2016-10-01"
-50.7252766492448,-15.6654138827311,"outro",248838,"2015-10-01","2016-10-01"
-51.1602659405986,-15.4876538357866,"pastagem",189300,"2015-10-01","2016-10-01"
-51.2690132634371,-15.3496283875708,"pastagem",143180,"2015-10-01","2016-10-01"
-50.0644275335341,-15.6319531680121,"outro",237986,"2015-10-01","2016-10-01"
-51.2167308966878,-15.4541931210676,"pastagem",178105,"2015-10-01","2016-10-01"
-50.5767947276769,-16.2426112116334,"pastagem",441557,"2015-10-01","2016-10-01"
-51.0138753137007,-15.4040020489891,"pastagem",161450,"2015-10-01","2016-10-01"
-50.5851599063568,-15.2952547261525,"pastagem",125359,"2015-10-01","2016-10-01"
-50.6311683890961,-16.0083862086006,"outro",363355,"2015-10-01","2016-10-01"
-51.1749050032884,-15.4437366477179,"outro",174635,"2015-10-01","2016-10-01"
-50.0393319974945,-15.3621761555904,"outro",147956,"2015-10-01","2016-10-01"
-50.2798308845411,-15.180233519306,"pastagem",87115,"2015-10-01","2016-10-01"
-51.3380259875461,-16.2091504969144,"pastagem",430025,"2015-10-01","2016-10-01"
-51.0452447337502,-15.6779616507507,"pastagem",252873,"2015-10-01","2016-10-01"
-51.4091300063251,-16.0397556286496,"pastagem",373453,"2015-10-01","2016-10-01"
-50.992962367001,-15.5357536131951,"pastagem",205434,"2015-10-01","2016-10-01"
-50.1585357936828,-15.2576114220936,"outro",112999,"2015-10-01","2016-10-01"
-51.4237690690149,-15.2011464660054,"outro",93548,"2015-10-01","2016-10-01"
-51.1644485299385,-15.3517196822408,"pastagem",143928,"2015-10-01","2016-10-01"
-51.4070387116551,-16.0857641113882,"outro",388810,"2015-10-01","2016-10-01"
-51.1728137086184,-15.2220594127047,"outro",100648,"2015-10-01","2016-10-01"
-51.2125483073479,-15.0986730271785,"outro",59447,"2015-10-01","2016-10-01"
-50.1585357936828,-15.4479192370578,"pastagem",176517,"2015-10-01","2016-10-01"
-50.639533567776,-15.4813799517768,"outro",187455,"2015-10-01","2016-10-01"
-50.3613913766699,-16.2384286222935,"pastagem",440264,"2015-10-01","2016-10-01"
-51.2334612540476,-15.9038214751038,"pastagem",328167,"2015-10-01","2016-10-01"
-50.7712851319841,-15.1927812873256,"pastagem",91068,"2015-10-01","2016-10-01"
-50.2359136964717,-15.7093310707998,"outro",263730,"2015-10-01","2016-10-01"
